dataset,count,distance,batch_mode,algorithm,parameters,k-nn,epsilon,largeepsilon,rel,qps,p50,p95,p99,p999,distcomps,build,candidates,indexsize,queriessize,run_count,best_search_time,build_time,index_size,source_file,attrs_json
nytimes-256-angular,10,angular,False,annoy,"Annoy(n_trees=100, search_k=100)",0.23323,0.242,0.4281,nan,7644.277094984284,0.12683868408203125,0.18143653869628906,0.22030109167099,0.27322953939437866,0.0,18.647268533706665,10.0,940672.0,123.05571714782717,3,0.00013081681728363038,18.647268533706665,940672.0,results/nytimes-256-angular/10/annoy/angular_100_100.hdf5,"{""algo"": ""annoy"", ""batch_mode"": false, ""best_search_time"": 0.00013081681728363038, ""build_time"": 18.647268533706665, ""candidates"": 10.0, ""count"": 10, ""dataset"": ""nytimes-256-angular"", ""distance"": ""angular"", ""expect_extra"": false, ""index_size"": 940672.0, ""name"": ""Annoy(n_trees=100, search_k=100)"", ""run_count"": 3}"
nytimes-256-angular,10,angular,False,annoy,"Annoy(n_trees=100, search_k=1000)",0.43853,0.45978,0.77649,nan,2172.8952160190347,0.4553794860839844,0.5555271506309509,0.6220340728759766,0.7326663732528687,0.0,18.647268533706665,10.0,940672.0,432.91180958251954,3,0.0004602154731750488,18.647268533706665,940672.0,results/nytimes-256-angular/10/annoy/angular_100_1000.hdf5,"{""algo"": ""annoy"", ""batch_mode"": false, ""best_search_time"": 0.0004602154731750488, ""build_time"": 18.647268533706665, ""candidates"": 10.0, ""count"": 10, ""dataset"": ""nytimes-256-angular"", ""distance"": ""angular"", ""expect_extra"": false, ""index_size"": 940672.0, ""name"": ""Annoy(n_trees=100, search_k=1000)"", ""run_count"": 3}"
nytimes-256-angular,10,angular,False,annoy,"Annoy(n_trees=100, search_k=10000)",0.7312700000000001,0.77003,0.9784499999999999,nan,472.5401303278024,2.1010637283325195,2.404928207397461,2.657179832458496,3.0548672676086426,0.0,18.647268533706665,10.0,940672.0,1990.6711401367186,3,0.002116222381591797,18.647268533706665,940672.0,results/nytimes-256-angular/10/annoy/angular_100_10000.hdf5,"{""algo"": ""annoy"", ""batch_mode"": false, ""best_search_time"": 0.002116222381591797, ""build_time"": 18.647268533706665, ""candidates"": 10.0, ""count"": 10, ""dataset"": ""nytimes-256-angular"", ""distance"": ""angular"", ""expect_extra"": false, ""index_size"": 940672.0, ""name"": ""Annoy(n_trees=100, search_k=10000)"", ""run_count"": 3}"
nytimes-256-angular,10,angular,False,annoy,"Annoy(n_trees=100, search_k=100000)",0.9689500000000001,0.9851300000000001,0.99484,nan,74.49855573152013,13.385534286499023,15.013707160949707,16.511442184448242,20.22233009338379,0.0,18.647268533706665,10.0,940672.0,12626.714582092285,3,0.013423079013824463,18.647268533706665,940672.0,results/nytimes-256-angular/10/annoy/angular_100_100000.hdf5,"{""algo"": ""annoy"", ""batch_mode"": false, ""best_search_time"": 0.013423079013824463, ""build_time"": 18.647268533706665, ""candidates"": 10.0, ""count"": 10, ""dataset"": ""nytimes-256-angular"", ""distance"": ""angular"", ""expect_extra"": false, ""index_size"": 940672.0, ""name"": ""Annoy(n_trees=100, search_k=100000)"", ""run_count"": 3}"
nytimes-256-angular,10,angular,False,annoy,"Annoy(n_trees=100, search_k=200)",0.26786,0.27881999999999996,0.5005200000000001,nan,5991.630039518464,0.16379356384277344,0.23436546325683594,0.2739429473876953,0.3550094664096832,0.0,18.647268533706665,10.0,940672.0,156.9976773925781,3,0.0001668994903564453,18.647268533706665,940672.0,results/nytimes-256-angular/10/annoy/angular_100_200.hdf5,"{""algo"": ""annoy"", ""batch_mode"": false, ""best_search_time"": 0.0001668994903564453, ""build_time"": 18.647268533706665, ""candidates"": 10.0, ""count"": 10, ""dataset"": ""nytimes-256-angular"", ""distance"": ""angular"", ""expect_extra"": false, ""index_size"": 940672.0, ""name"": ""Annoy(n_trees=100, search_k=200)"", ""run_count"": 3}"
nytimes-256-angular,10,angular,False,annoy,"Annoy(n_trees=100, search_k=2000)",0.52459,0.5494399999999999,0.87073,nan,1290.8403327775386,0.7736682891845703,0.8859753012657166,0.9608315229415894,1.1563347578048706,0.0,18.647268533706665,10.0,940672.0,728.728391973877,3,0.0007746891498565674,18.647268533706665,940672.0,results/nytimes-256-angular/10/annoy/angular_100_2000.hdf5,"{""algo"": ""annoy"", ""batch_mode"": false, ""best_search_time"": 0.0007746891498565674, ""build_time"": 18.647268533706665, ""candidates"": 10.0, ""count"": 10, ""dataset"": ""nytimes-256-angular"", ""distance"": ""angular"", ""expect_extra"": false, ""index_size"": 940672.0, ""name"": ""Annoy(n_trees=100, search_k=2000)"", ""run_count"": 3}"
nytimes-256-angular,10,angular,False,annoy,"Annoy(n_trees=100, search_k=20000)",0.8192,0.86303,0.99002,nan,278.9730380594472,3.5816431045532227,4.051923751831055,4.387659072875977,5.095269680023193,0.0,18.647268533706665,10.0,940672.0,3371.910083294678,3,0.0035845757961273195,18.647268533706665,940672.0,results/nytimes-256-angular/10/annoy/angular_100_20000.hdf5,"{""algo"": ""annoy"", ""batch_mode"": false, ""best_search_time"": 0.0035845757961273195, ""build_time"": 18.647268533706665, ""candidates"": 10.0, ""count"": 10, ""dataset"": ""nytimes-256-angular"", ""distance"": ""angular"", ""expect_extra"": false, ""index_size"": 940672.0, ""name"": ""Annoy(n_trees=100, search_k=20000)"", ""run_count"": 3}"
nytimes-256-angular,10,angular,False,annoy,"Annoy(n_trees=100, search_k=200000)",0.99232,0.9935,0.9949,nan,43.50974507919547,23.192523956298828,29.955434799194336,46.08707046508789,124.57272338867188,0.0,18.647268533706665,10.0,940672.0,21619.80030652466,3,0.022983356904983522,18.647268533706665,940672.0,results/nytimes-256-angular/10/annoy/angular_100_200000.hdf5,"{""algo"": ""annoy"", ""batch_mode"": false, ""best_search_time"": 0.022983356904983522, ""build_time"": 18.647268533706665, ""candidates"": 10.0, ""count"": 10, ""dataset"": ""nytimes-256-angular"", ""distance"": ""angular"", ""expect_extra"": false, ""index_size"": 940672.0, ""name"": ""Annoy(n_trees=100, search_k=200000)"", ""run_count"": 3}"
nytimes-256-angular,10,angular,False,annoy,"Annoy(n_trees=100, search_k=400)",0.33476,0.35070999999999997,0.61948,nan,4071.743700273041,0.24700164794921875,0.335693359375,0.3917217254638672,0.5133184790611267,0.0,18.647268533706665,10.0,940672.0,231.02436431274415,3,0.00024559502601623537,18.647268533706665,940672.0,results/nytimes-256-angular/10/annoy/angular_100_400.hdf5,"{""algo"": ""annoy"", ""batch_mode"": false, ""best_search_time"": 0.00024559502601623537, ""build_time"": 18.647268533706665, ""candidates"": 10.0, ""count"": 10, ""dataset"": ""nytimes-256-angular"", ""distance"": ""angular"", ""expect_extra"": false, ""index_size"": 940672.0, ""name"": ""Annoy(n_trees=100, search_k=400)"", ""run_count"": 3}"
nytimes-256-angular,10,angular,False,annoy,"Annoy(n_trees=100, search_k=4000)",0.61163,0.6410199999999999,0.93467,nan,831.3611080713108,1.1980533599853516,1.3720989227294922,1.5277862548828125,1.8086470365524292,0.0,18.647268533706665,10.0,940672.0,1131.4842501861574,3,0.0012028467416763306,18.647268533706665,940672.0,results/nytimes-256-angular/10/annoy/angular_100_4000.hdf5,"{""algo"": ""annoy"", ""batch_mode"": false, ""best_search_time"": 0.0012028467416763306, ""build_time"": 18.647268533706665, ""candidates"": 10.0, ""count"": 10, ""dataset"": ""nytimes-256-angular"", ""distance"": ""angular"", ""expect_extra"": false, ""index_size"": 940672.0, ""name"": ""Annoy(n_trees=100, search_k=4000)"", ""run_count"": 3}"
nytimes-256-angular,10,angular,False,annoy,"Annoy(n_trees=100, search_k=40000)",0.89686,0.9369099999999999,0.9940200000000001,nan,158.14484938330278,6.36744499206543,7.103466987609863,7.740039348602295,8.671727180480957,0.0,18.647268533706665,10.0,940672.0,5948.167162371827,3,0.006323316907882691,18.647268533706665,940672.0,results/nytimes-256-angular/10/annoy/angular_100_40000.hdf5,"{""algo"": ""annoy"", ""batch_mode"": false, ""best_search_time"": 0.006323316907882691, ""build_time"": 18.647268533706665, ""candidates"": 10.0, ""count"": 10, ""dataset"": ""nytimes-256-angular"", ""distance"": ""angular"", ""expect_extra"": false, ""index_size"": 940672.0, ""name"": ""Annoy(n_trees=100, search_k=40000)"", ""run_count"": 3}"
nytimes-256-angular,10,angular,False,annoy,"Annoy(n_trees=100, search_k=400000)",0.9982900000000001,0.99474,0.9949,nan,25.452438678942176,39.808631896972656,46.37174987792969,65.4868392944336,82.91046142578125,0.0,18.647268533706665,10.0,940672.0,36958.03030372314,3,0.03928896608352661,18.647268533706665,940672.0,results/nytimes-256-angular/10/annoy/angular_100_400000.hdf5,"{""algo"": ""annoy"", ""batch_mode"": false, ""best_search_time"": 0.03928896608352661, ""build_time"": 18.647268533706665, ""candidates"": 10.0, ""count"": 10, ""dataset"": ""nytimes-256-angular"", ""distance"": ""angular"", ""expect_extra"": false, ""index_size"": 940672.0, ""name"": ""Annoy(n_trees=100, search_k=400000)"", ""run_count"": 3}"
nytimes-256-angular,10,angular,False,glass,"glass_({'R': 16, 'L': 100, 'level': 1})",0.34538,0.36093000000000003,0.50887,nan,25698.880458012274,0.036716461181640625,0.06198883056640625,0.08487701416015625,0.12183352559804916,0.0,23.205511808395386,10.0,242572.0,9.439010403442383,3,3.8912200927734374e-05,23.205511808395386,242572.0,results/nytimes-256-angular/10/glass/angular_256_L_100_R_16_level_1_10.hdf5,"{""algo"": ""glass"", ""batch_mode"": false, ""best_search_time"": 3.8912200927734374e-05, ""build_time"": 23.205511808395386, ""candidates"": 10.0, ""count"": 10, ""dataset"": ""nytimes-256-angular"", ""distance"": ""angular"", ""expect_extra"": false, ""index_size"": 242572.0, ""name"": ""glass_({'R': 16, 'L': 100, 'level': 1})"", ""run_count"": 3}"
nytimes-256-angular,10,angular,False,glass,"glass_({'R': 16, 'L': 100, 'level': 1})",0.7333000000000001,0.76105,0.9319900000000001,nan,4974.590981034709,0.19478797912597656,0.30422210693359375,0.3657341003417969,0.4573073387145996,0.0,23.205511808395386,10.0,242572.0,48.76219993257522,3,0.00020102155208587646,23.205511808395386,242572.0,results/nytimes-256-angular/10/glass/angular_256_L_100_R_16_level_1_120.hdf5,"{""algo"": ""glass"", ""batch_mode"": false, ""best_search_time"": 0.00020102155208587646, ""build_time"": 23.205511808395386, ""candidates"": 10.0, ""count"": 10, ""dataset"": ""nytimes-256-angular"", ""distance"": ""angular"", ""expect_extra"": false, ""index_size"": 242572.0, ""name"": ""glass_({'R': 16, 'L': 100, 'level': 1})"", ""run_count"": 3}"
nytimes-256-angular,10,angular,False,glass,"glass_({'R': 16, 'L': 100, 'level': 1})",0.46326999999999996,0.48134,0.65693,nan,17456.43906129954,0.05435943603515625,0.09202957153320312,0.11777877807617188,0.15998002886772156,0.0,23.205511808395386,10.0,242572.0,13.895846635627747,3,5.728545188903809e-05,23.205511808395386,242572.0,results/nytimes-256-angular/10/glass/angular_256_L_100_R_16_level_1_20.hdf5,"{""algo"": ""glass"", ""batch_mode"": false, ""best_search_time"": 5.728545188903809e-05, ""build_time"": 23.205511808395386, ""candidates"": 10.0, ""count"": 10, ""dataset"": ""nytimes-256-angular"", ""distance"": ""angular"", ""expect_extra"": false, ""index_size"": 242572.0, ""name"": ""glass_({'R': 16, 'L': 100, 'level': 1})"", ""run_count"": 3}"
nytimes-256-angular,10,angular,False,glass,"glass_({'R': 16, 'L': 100, 'level': 1})",0.7881,0.81925,0.96491,nan,3299.4128351859,0.29349327087402344,0.4341602325439453,0.5137943625450134,0.6129781007766724,0.0,23.205511808395386,10.0,242572.0,73.51974794216156,3,0.00030308423042297363,23.205511808395386,242572.0,results/nytimes-256-angular/10/glass/angular_256_L_100_R_16_level_1_200.hdf5,"{""algo"": ""glass"", ""batch_mode"": false, ""best_search_time"": 0.00030308423042297363, ""build_time"": 23.205511808395386, ""candidates"": 10.0, ""count"": 10, ""dataset"": ""nytimes-256-angular"", ""distance"": ""angular"", ""expect_extra"": false, ""index_size"": 242572.0, ""name"": ""glass_({'R': 16, 'L': 100, 'level': 1})"", ""run_count"": 3}"
nytimes-256-angular,10,angular,False,glass,"glass_({'R': 16, 'L': 100, 'level': 1})",0.5817599999999999,0.60309,0.7960200000000001,nan,11039.260228407164,0.08511543273925781,0.14066696166992188,0.17571449279785156,0.22387667000293732,0.0,23.205511808395386,10.0,242572.0,21.973573861026765,3,9.058578014373779e-05,23.205511808395386,242572.0,results/nytimes-256-angular/10/glass/angular_256_L_100_R_16_level_1_40.hdf5,"{""algo"": ""glass"", ""batch_mode"": false, ""best_search_time"": 9.058578014373779e-05, ""build_time"": 23.205511808395386, ""candidates"": 10.0, ""count"": 10, ""dataset"": ""nytimes-256-angular"", ""distance"": ""angular"", ""expect_extra"": false, ""index_size"": 242572.0, ""name"": ""glass_({'R': 16, 'L': 100, 'level': 1})"", ""run_count"": 3}"
nytimes-256-angular,10,angular,False,glass,"glass_({'R': 16, 'L': 100, 'level': 1})",0.83979,0.8742000000000001,0.98289,nan,1829.2728295260044,0.5540847778320312,0.7438778281211853,0.8535431623458862,1.1561124324798584,0.0,23.205511808395386,10.0,242572.0,132.60569778585435,3,0.0005466653108596802,23.205511808395386,242572.0,results/nytimes-256-angular/10/glass/angular_256_L_100_R_16_level_1_400.hdf5,"{""algo"": ""glass"", ""batch_mode"": false, ""best_search_time"": 0.0005466653108596802, ""build_time"": 23.205511808395386, ""candidates"": 10.0, ""count"": 10, ""dataset"": ""nytimes-256-angular"", ""distance"": ""angular"", ""expect_extra"": false, ""index_size"": 242572.0, ""name"": ""glass_({'R': 16, 'L': 100, 'level': 1})"", ""run_count"": 3}"
nytimes-256-angular,10,angular,False,glass,"glass_({'R': 16, 'L': 100, 'level': 1})",0.68153,0.70679,0.89398,nan,6856.633189192088,0.13887882232666016,0.21839141845703125,0.26535987854003906,0.3118533492088318,0.0,23.205511808395386,10.0,242572.0,35.377712837600704,3,0.00014584417343139648,23.205511808395386,242572.0,results/nytimes-256-angular/10/glass/angular_256_L_100_R_16_level_1_80.hdf5,"{""algo"": ""glass"", ""batch_mode"": false, ""best_search_time"": 0.00014584417343139648, ""build_time"": 23.205511808395386, ""candidates"": 10.0, ""count"": 10, ""dataset"": ""nytimes-256-angular"", ""distance"": ""angular"", ""expect_extra"": false, ""index_size"": 242572.0, ""name"": ""glass_({'R': 16, 'L': 100, 'level': 1})"", ""run_count"": 3}"
nytimes-256-angular,10,angular,False,glass,"glass_({'R': 16, 'L': 100, 'level': 1})",0.8792,0.91516,0.98939,nan,961.07535116406,1.0628700256347656,1.3256072998046875,1.4619851112365723,1.697577714920044,0.0,23.205511808395386,10.0,242572.0,252.39644290761947,3,0.0010405011415481568,23.205511808395386,242572.0,results/nytimes-256-angular/10/glass/angular_256_L_100_R_16_level_1_800.hdf5,"{""algo"": ""glass"", ""batch_mode"": false, ""best_search_time"": 0.0010405011415481568, ""build_time"": 23.205511808395386, ""candidates"": 10.0, ""count"": 10, ""dataset"": ""nytimes-256-angular"", ""distance"": ""angular"", ""expect_extra"": false, ""index_size"": 242572.0, ""name"": ""glass_({'R': 16, 'L': 100, 'level': 1})"", ""run_count"": 3}"
nytimes-256-angular,10,angular,False,hnswlib,"hnswlib ({'M': 16, 'efConstruction': 100}, 'efQuery': 10)",0.55442,0.57601,0.74546,nan,10297.228051603197,0.09012222290039062,0.1614093780517578,0.20862090587615967,0.26250723004341125,0.0,31.762741088867188,10.0,372872.0,36.21091017227173,3,9.71135139465332e-05,31.762741088867188,372872.0,results/nytimes-256-angular/10/hnswlib/angular_M_16_efConstruction_100_10.hdf5,"{""algo"": ""hnswlib"", ""batch_mode"": false, ""best_search_time"": 9.71135139465332e-05, ""build_time"": 31.762741088867188, ""candidates"": 10.0, ""count"": 10, ""dataset"": ""nytimes-256-angular"", ""distance"": ""angular"", ""expect_extra"": false, ""index_size"": 372872.0, ""name"": ""hnswlib ({'M': 16, 'efConstruction': 100}, 'efQuery': 10)"", ""run_count"": 3}"
nytimes-256-angular,10,angular,False,hnswlib,"hnswlib ({'M': 16, 'efConstruction': 100}, 'efQuery': 120)",0.86656,0.89438,0.9881,nan,1998.9777071042686,0.49686431884765625,0.7248043417930603,0.8452008366584778,0.9822901487350464,0.0,31.762741088867188,10.0,372872.0,186.53134483432768,3,0.0005002557039260864,31.762741088867188,372872.0,results/nytimes-256-angular/10/hnswlib/angular_M_16_efConstruction_100_120.hdf5,"{""algo"": ""hnswlib"", ""batch_mode"": false, ""best_search_time"": 0.0005002557039260864, ""build_time"": 31.762741088867188, ""candidates"": 10.0, ""count"": 10, ""dataset"": ""nytimes-256-angular"", ""distance"": ""angular"", ""expect_extra"": false, ""index_size"": 372872.0, ""name"": ""hnswlib ({'M': 16, 'efConstruction': 100}, 'efQuery': 120)"", ""run_count"": 3}"
nytimes-256-angular,10,angular,False,hnswlib,"hnswlib ({'M': 16, 'efConstruction': 100}, 'efQuery': 20)",0.68144,0.7037899999999999,0.87192,nan,7074.11802565118,0.13446807861328125,0.22411346435546875,0.2758502960205078,0.34642404317855835,0.0,31.762741088867188,10.0,372872.0,52.709326964569094,3,0.00014136037826538087,31.762741088867188,372872.0,results/nytimes-256-angular/10/hnswlib/angular_M_16_efConstruction_100_20.hdf5,"{""algo"": ""hnswlib"", ""batch_mode"": false, ""best_search_time"": 0.00014136037826538087, ""build_time"": 31.762741088867188, ""candidates"": 10.0, ""count"": 10, ""dataset"": ""nytimes-256-angular"", ""distance"": ""angular"", ""expect_extra"": false, ""index_size"": 372872.0, ""name"": ""hnswlib ({'M': 16, 'efConstruction': 100}, 'efQuery': 20)"", ""run_count"": 3}"
nytimes-256-angular,10,angular,False,hnswlib,"hnswlib ({'M': 16, 'efConstruction': 100}, 'efQuery': 200)",0.89578,0.9246800000000001,0.9927699999999999,nan,1320.6568283289766,0.7776021957397461,1.092934489250183,1.3187257051467896,2.0124552249908447,0.0,31.762741088867188,10.0,372872.0,282.33829712734223,3,0.000757198977470398,31.762741088867188,372872.0,results/nytimes-256-angular/10/hnswlib/angular_M_16_efConstruction_100_200.hdf5,"{""algo"": ""hnswlib"", ""batch_mode"": false, ""best_search_time"": 0.000757198977470398, ""build_time"": 31.762741088867188, ""candidates"": 10.0, ""count"": 10, ""dataset"": ""nytimes-256-angular"", ""distance"": ""angular"", ""expect_extra"": false, ""index_size"": 372872.0, ""name"": ""hnswlib ({'M': 16, 'efConstruction': 100}, 'efQuery': 200)"", ""run_count"": 3}"
nytimes-256-angular,10,angular,False,hnswlib,"hnswlib ({'M': 16, 'efConstruction': 100}, 'efQuery': 40)",0.77575,0.79947,0.9468500000000001,nan,4421.515512712623,0.21588802337646484,0.3571510314941406,0.4291534423828125,0.5216705799102783,0.0,31.762741088867188,10.0,372872.0,84.3312658132553,3,0.00022616679668426514,31.762741088867188,372872.0,results/nytimes-256-angular/10/hnswlib/angular_M_16_efConstruction_100_40.hdf5,"{""algo"": ""hnswlib"", ""batch_mode"": false, ""best_search_time"": 0.00022616679668426514, ""build_time"": 31.762741088867188, ""candidates"": 10.0, ""count"": 10, ""dataset"": ""nytimes-256-angular"", ""distance"": ""angular"", ""expect_extra"": false, ""index_size"": 372872.0, ""name"": ""hnswlib ({'M': 16, 'efConstruction': 100}, 'efQuery': 40)"", ""run_count"": 3}"
nytimes-256-angular,10,angular,False,hnswlib,"hnswlib ({'M': 16, 'efConstruction': 100}, 'efQuery': 400)",0.9266,0.95462,0.9939899999999999,nan,723.1365618034883,1.4314651489257812,1.8506169319152832,2.0821094512939453,2.5005388259887695,0.0,31.762741088867188,10.0,372872.0,515.6315137351991,3,0.0013828646659851075,31.762741088867188,372872.0,results/nytimes-256-angular/10/hnswlib/angular_M_16_efConstruction_100_400.hdf5,"{""algo"": ""hnswlib"", ""batch_mode"": false, ""best_search_time"": 0.0013828646659851075, ""build_time"": 31.762741088867188, ""candidates"": 10.0, ""count"": 10, ""dataset"": ""nytimes-256-angular"", ""distance"": ""angular"", ""expect_extra"": false, ""index_size"": 372872.0, ""name"": ""hnswlib ({'M': 16, 'efConstruction': 100}, 'efQuery': 400)"", ""run_count"": 3}"
nytimes-256-angular,10,angular,False,hnswlib,"hnswlib ({'M': 16, 'efConstruction': 100}, 'efQuery': 80)",0.8382400000000001,0.8646900000000001,0.9781700000000001,nan,2728.784586984732,0.36406517028808594,0.5700706839561462,0.6792615056037903,0.8764355182647705,0.0,31.762741088867188,10.0,372872.0,136.6439849369049,3,0.0003664635181427002,31.762741088867188,372872.0,results/nytimes-256-angular/10/hnswlib/angular_M_16_efConstruction_100_80.hdf5,"{""algo"": ""hnswlib"", ""batch_mode"": false, ""best_search_time"": 0.0003664635181427002, ""build_time"": 31.762741088867188, ""candidates"": 10.0, ""count"": 10, ""dataset"": ""nytimes-256-angular"", ""distance"": ""angular"", ""expect_extra"": false, ""index_size"": 372872.0, ""name"": ""hnswlib ({'M': 16, 'efConstruction': 100}, 'efQuery': 80)"", ""run_count"": 3}"
nytimes-256-angular,10,angular,False,hnswlib,"hnswlib ({'M': 16, 'efConstruction': 100}, 'efQuery': 800)",0.95433,0.9770899999999999,0.99458,nan,373.64531875546356,2.81524658203125,3.431891918182373,3.7865731716156006,4.707150936126709,0.0,31.762741088867188,10.0,372872.0,997.9303400400162,3,0.002676334881782532,31.762741088867188,372872.0,results/nytimes-256-angular/10/hnswlib/angular_M_16_efConstruction_100_800.hdf5,"{""algo"": ""hnswlib"", ""batch_mode"": false, ""best_search_time"": 0.002676334881782532, ""build_time"": 31.762741088867188, ""candidates"": 10.0, ""count"": 10, ""dataset"": ""nytimes-256-angular"", ""distance"": ""angular"", ""expect_extra"": false, ""index_size"": 372872.0, ""name"": ""hnswlib ({'M': 16, 'efConstruction': 100}, 'efQuery': 800)"", ""run_count"": 3}"
nytimes-256-angular,10,angular,False,pancake-int8,"Pancake int8 (M=16, efConstruction=100, efSearch=10)",0.60126,0.61915,0.77752,nan,8288.320973880243,0.1125335693359375,0.19693374633789062,0.2474854737520218,0.32735127210617065,0.0,208.2127685546875,10.0,168596.0,20.341393694972993,3,0.00012065169811248779,208.2127685546875,168596.0,results/nytimes-256-angular/10/pancake-int8/angular_true_M_16_efConstruction_100_10.hdf5,"{""M"": 16, ""algo"": ""pancake-int8"", ""batch_mode"": false, ""best_search_time"": 0.00012065169811248779, ""build_time"": 208.2127685546875, ""candidates"": 10.0, ""count"": 10, ""dataset"": ""nytimes-256-angular"", ""distance"": ""angular"", ""efConstruction"": 100, ""efSearch"": 10, ""engine_memory_bytes"": 153728874, ""expect_extra"": false, ""filtered_base_vectors"": 0, ""index_size"": 168596.0, ""name"": ""Pancake int8 (M=16, efConstruction=100, efSearch=10)"", ""retained_zero_vectors"": 239, ""run_count"": 3, ""storage"": ""int8""}"
nytimes-256-angular,10,angular,False,pancake-int8,"Pancake int8 (M=16, efConstruction=100, efSearch=10)",0.60126,0.61915,0.77752,nan,8257.310162567053,0.11181831359863281,0.19860267639160156,0.2520107626914978,0.32854148745536804,0.0,213.50519585609436,9.991,168936.0,20.458962625122073,1,0.00012110481262207031,213.50519585609436,168936.0,results/nytimes-256-angular/10/pancake-int8-filtered-before-zero-retention/angular_true_M_16_efConstruction_100_10.hdf5,"{""M"": 16, ""algo"": ""pancake-int8"", ""batch_mode"": false, ""best_search_time"": 0.00012110481262207031, ""build_time"": 213.50519585609436, ""candidates"": 9.991, ""count"": 10, ""dataset"": ""nytimes-256-angular"", ""distance"": ""angular"", ""efConstruction"": 100, ""efSearch"": 10, ""engine_memory_bytes"": 153728874, ""expect_extra"": false, ""filtered_base_vectors"": 239, ""index_size"": 168936.0, ""name"": ""Pancake int8 (M=16, efConstruction=100, efSearch=10)"", ""run_count"": 1, ""storage"": ""int8""}"
nytimes-256-angular,10,angular,False,pancake-int8,"Pancake int8 (M=16, efConstruction=100, efSearch=10)",0.020380000000000002,0.02117,0.0269,nan,49977.70588690891,0.0171661376953125,0.03695487976074219,0.07081031799316406,0.101089708507061,0.0,91.9745261669159,10.0,163796.0,3.277381326198578,3,2.000892162322998e-05,91.9745261669159,163796.0,results/nytimes-256-angular/10/pancake-int8-invalid-before-filter/euclidean_true_M_16_efConstruction_100_10.hdf5,"{""M"": 16, ""algo"": ""pancake-int8"", ""batch_mode"": false, ""best_search_time"": 2.000892162322998e-05, ""build_time"": 91.9745261669159, ""candidates"": 10.0, ""count"": 10, ""dataset"": ""nytimes-256-angular"", ""distance"": ""angular"", ""efConstruction"": 100, ""efSearch"": 10, ""engine_memory_bytes"": 153855168, ""expect_extra"": false, ""index_size"": 163796.0, ""name"": ""Pancake int8 (M=16, efConstruction=100, efSearch=10)"", ""run_count"": 3, ""storage"": ""int8""}"
nytimes-256-angular,10,angular,False,pancake-int8,"Pancake int8 (M=16, efConstruction=100, efSearch=10)",0.020380000000000002,0.02117,0.0269,nan,53103.07631146482,0.01621246337890625,0.03552436828613281,0.06604427099227905,0.09894441068172455,0.0,90.4359610080719,10.0,163820.0,3.084943686485291,3,1.8831300735473633e-05,90.4359610080719,163820.0,results/nytimes-256-angular/10/pancake-int8-invalid-before-zero-retention/euclidean_true_M_16_efConstruction_100_10.hdf5,"{""M"": 16, ""algo"": ""pancake-int8"", ""batch_mode"": false, ""best_search_time"": 1.8831300735473633e-05, ""build_time"": 90.4359610080719, ""candidates"": 10.0, ""count"": 10, ""dataset"": ""nytimes-256-angular"", ""distance"": ""angular"", ""efConstruction"": 100, ""efSearch"": 10, ""engine_memory_bytes"": 153855168, ""expect_extra"": false, ""filtered_base_vectors"": 0, ""index_size"": 163820.0, ""name"": ""Pancake int8 (M=16, efConstruction=100, efSearch=10)"", ""run_count"": 3, ""storage"": ""int8""}"
nytimes-256-angular,10,angular,False,pancake-int8,"Pancake int8 (M=16, efConstruction=100, efSearch=10)",0.020380000000000002,0.02117,0.0269,nan,54408.38092964912,0.015735626220703125,0.03409385681152344,0.06675952672958374,0.09298347681760788,0.0,90.40071749687195,10.0,163816.0,3.0108596727371215,3,1.837952136993408e-05,90.40071749687195,163816.0,results/nytimes-256-angular/10/pancake-int8-metric-mismatch/euclidean_true_M_16_efConstruction_100_10.hdf5,"{""M"": 16, ""algo"": ""pancake-int8"", ""batch_mode"": false, ""best_search_time"": 1.837952136993408e-05, ""build_time"": 90.40071749687195, ""candidates"": 10.0, ""count"": 10, ""dataset"": ""nytimes-256-angular"", ""distance"": ""angular"", ""efConstruction"": 100, ""efSearch"": 10, ""engine_memory_bytes"": 153855168, ""expect_extra"": false, ""filtered_base_vectors"": 0, ""index_size"": 163816.0, ""name"": ""Pancake int8 (M=16, efConstruction=100, efSearch=10)"", ""retained_zero_vectors"": 0, ""run_count"": 3, ""storage"": ""int8""}"
nytimes-256-angular,10,angular,False,pancake-int8,"Pancake int8 (M=16, efConstruction=100, efSearch=120)",0.88225,0.90976,0.98864,nan,1666.1841412376825,0.594019889831543,0.8947849273681641,1.0592983961105347,1.312741756439209,0.0,208.2127685546875,10.0,168596.0,101.1868951499939,3,0.0006001737594604492,208.2127685546875,168596.0,results/nytimes-256-angular/10/pancake-int8/angular_true_M_16_efConstruction_100_120.hdf5,"{""M"": 16, ""algo"": ""pancake-int8"", ""batch_mode"": false, ""best_search_time"": 0.0006001737594604492, ""build_time"": 208.2127685546875, ""candidates"": 10.0, ""count"": 10, ""dataset"": ""nytimes-256-angular"", ""distance"": ""angular"", ""efConstruction"": 100, ""efSearch"": 120, ""engine_memory_bytes"": 153728874, ""expect_extra"": false, ""filtered_base_vectors"": 0, ""index_size"": 168596.0, ""name"": ""Pancake int8 (M=16, efConstruction=100, efSearch=120)"", ""retained_zero_vectors"": 239, ""run_count"": 3, ""storage"": ""int8""}"
nytimes-256-angular,10,angular,False,pancake-int8,"Pancake int8 (M=16, efConstruction=100, efSearch=120)",0.88225,0.90976,0.98864,nan,1621.119374072195,0.6085634231567383,0.9281753897666931,1.1062668561935425,1.3492380380630493,0.0,213.50519585609436,9.991,168936.0,104.20947568817138,1,0.0006168577194213867,213.50519585609436,168936.0,results/nytimes-256-angular/10/pancake-int8-filtered-before-zero-retention/angular_true_M_16_efConstruction_100_120.hdf5,"{""M"": 16, ""algo"": ""pancake-int8"", ""batch_mode"": false, ""best_search_time"": 0.0006168577194213867, ""build_time"": 213.50519585609436, ""candidates"": 9.991, ""count"": 10, ""dataset"": ""nytimes-256-angular"", ""distance"": ""angular"", ""efConstruction"": 100, ""efSearch"": 120, ""engine_memory_bytes"": 153728874, ""expect_extra"": false, ""filtered_base_vectors"": 239, ""index_size"": 168936.0, ""name"": ""Pancake int8 (M=16, efConstruction=100, efSearch=120)"", ""run_count"": 1, ""storage"": ""int8""}"
nytimes-256-angular,10,angular,False,pancake-int8,"Pancake int8 (M=16, efConstruction=100, efSearch=120)",0.02481,0.025619999999999997,0.03206,nan,25776.5530261594,0.02193450927734375,0.22794003784656525,0.38315728306770325,0.5404967665672302,0.0,91.9745261669159,10.0,163796.0,6.354457084846497,3,3.879494667053223e-05,91.9745261669159,163796.0,results/nytimes-256-angular/10/pancake-int8-invalid-before-filter/euclidean_true_M_16_efConstruction_100_120.hdf5,"{""M"": 16, ""algo"": ""pancake-int8"", ""batch_mode"": false, ""best_search_time"": 3.879494667053223e-05, ""build_time"": 91.9745261669159, ""candidates"": 10.0, ""count"": 10, ""dataset"": ""nytimes-256-angular"", ""distance"": ""angular"", ""efConstruction"": 100, ""efSearch"": 120, ""engine_memory_bytes"": 153855168, ""expect_extra"": false, ""index_size"": 163796.0, ""name"": ""Pancake int8 (M=16, efConstruction=100, efSearch=120)"", ""run_count"": 3, ""storage"": ""int8""}"
nytimes-256-angular,10,angular,False,pancake-int8,"Pancake int8 (M=16, efConstruction=100, efSearch=120)",0.02481,0.025619999999999997,0.03206,nan,27388.90470605751,0.018596649169921875,0.20815129578113556,0.33545494079589844,0.4355912208557129,0.0,90.40071749687195,10.0,163816.0,5.981108107757569,3,3.651113510131836e-05,90.40071749687195,163816.0,results/nytimes-256-angular/10/pancake-int8-metric-mismatch/euclidean_true_M_16_efConstruction_100_120.hdf5,"{""M"": 16, ""algo"": ""pancake-int8"", ""batch_mode"": false, ""best_search_time"": 3.651113510131836e-05, ""build_time"": 90.40071749687195, ""candidates"": 10.0, ""count"": 10, ""dataset"": ""nytimes-256-angular"", ""distance"": ""angular"", ""efConstruction"": 100, ""efSearch"": 120, ""engine_memory_bytes"": 153855168, ""expect_extra"": false, ""filtered_base_vectors"": 0, ""index_size"": 163816.0, ""name"": ""Pancake int8 (M=16, efConstruction=100, efSearch=120)"", ""retained_zero_vectors"": 0, ""run_count"": 3, ""storage"": ""int8""}"
nytimes-256-angular,10,angular,False,pancake-int8,"Pancake int8 (M=16, efConstruction=100, efSearch=20)",0.71331,0.73426,0.8917999999999999,nan,5625.975152000309,0.1678466796875,0.286102294921875,0.35787326097488403,0.4651644229888916,0.0,208.2127685546875,10.0,168596.0,29.967427058410642,3,0.00017774696350097657,208.2127685546875,168596.0,results/nytimes-256-angular/10/pancake-int8/angular_true_M_16_efConstruction_100_20.hdf5,"{""M"": 16, ""algo"": ""pancake-int8"", ""batch_mode"": false, ""best_search_time"": 0.00017774696350097657, ""build_time"": 208.2127685546875, ""candidates"": 10.0, ""count"": 10, ""dataset"": ""nytimes-256-angular"", ""distance"": ""angular"", ""efConstruction"": 100, ""efSearch"": 20, ""engine_memory_bytes"": 153728874, ""expect_extra"": false, ""filtered_base_vectors"": 0, ""index_size"": 168596.0, ""name"": ""Pancake int8 (M=16, efConstruction=100, efSearch=20)"", ""retained_zero_vectors"": 239, ""run_count"": 3, ""storage"": ""int8""}"
nytimes-256-angular,10,angular,False,pancake-int8,"Pancake int8 (M=16, efConstruction=100, efSearch=20)",0.71331,0.73426,0.8917999999999999,nan,5780.725173453979,0.16307830810546875,0.27823448181152344,0.33879512548446655,0.41247183084487915,0.0,213.50519585609436,9.991,168936.0,29.22401514186859,1,0.0001729886770248413,213.50519585609436,168936.0,results/nytimes-256-angular/10/pancake-int8-filtered-before-zero-retention/angular_true_M_16_efConstruction_100_20.hdf5,"{""M"": 16, ""algo"": ""pancake-int8"", ""batch_mode"": false, ""best_search_time"": 0.0001729886770248413, ""build_time"": 213.50519585609436, ""candidates"": 9.991, ""count"": 10, ""dataset"": ""nytimes-256-angular"", ""distance"": ""angular"", ""efConstruction"": 100, ""efSearch"": 20, ""engine_memory_bytes"": 153728874, ""expect_extra"": false, ""filtered_base_vectors"": 239, ""index_size"": 168936.0, ""name"": ""Pancake int8 (M=16, efConstruction=100, efSearch=20)"", ""run_count"": 1, ""storage"": ""int8""}"
nytimes-256-angular,10,angular,False,pancake-int8,"Pancake int8 (M=16, efConstruction=100, efSearch=20)",0.02042,0.02114,0.026590000000000003,nan,47602.285288850246,0.017642974853515625,0.038623809814453125,0.09131664037704468,0.12993904948234558,0.0,91.9745261669159,10.0,163796.0,3.4409272371292117,3,2.1007394790649415e-05,91.9745261669159,163796.0,results/nytimes-256-angular/10/pancake-int8-invalid-before-filter/euclidean_true_M_16_efConstruction_100_20.hdf5,"{""M"": 16, ""algo"": ""pancake-int8"", ""batch_mode"": false, ""best_search_time"": 2.1007394790649415e-05, ""build_time"": 91.9745261669159, ""candidates"": 10.0, ""count"": 10, ""dataset"": ""nytimes-256-angular"", ""distance"": ""angular"", ""efConstruction"": 100, ""efSearch"": 20, ""engine_memory_bytes"": 153855168, ""expect_extra"": false, ""index_size"": 163796.0, ""name"": ""Pancake int8 (M=16, efConstruction=100, efSearch=20)"", ""run_count"": 3, ""storage"": ""int8""}"
nytimes-256-angular,10,angular,False,pancake-int8,"Pancake int8 (M=16, efConstruction=100, efSearch=20)",0.02042,0.02114,0.026590000000000003,nan,49043.9691632377,0.0171661376953125,0.03910064697265625,0.08726119995117188,0.14233751595020294,0.0,90.40071749687195,10.0,163816.0,3.340186424446106,3,2.0389866828918456e-05,90.40071749687195,163816.0,results/nytimes-256-angular/10/pancake-int8-metric-mismatch/euclidean_true_M_16_efConstruction_100_20.hdf5,"{""M"": 16, ""algo"": ""pancake-int8"", ""batch_mode"": false, ""best_search_time"": 2.0389866828918456e-05, ""build_time"": 90.40071749687195, ""candidates"": 10.0, ""count"": 10, ""dataset"": ""nytimes-256-angular"", ""distance"": ""angular"", ""efConstruction"": 100, ""efSearch"": 20, ""engine_memory_bytes"": 153855168, ""expect_extra"": false, ""filtered_base_vectors"": 0, ""index_size"": 163816.0, ""name"": ""Pancake int8 (M=16, efConstruction=100, efSearch=20)"", ""retained_zero_vectors"": 0, ""run_count"": 3, ""storage"": ""int8""}"
nytimes-256-angular,10,angular,False,pancake-int8,"Pancake int8 (M=16, efConstruction=100, efSearch=200)",0.9080600000000001,0.9361900000000001,0.99201,nan,1100.852022380269,0.9315013885498047,1.32896888256073,1.51634681224823,1.8100814819335938,0.0,208.2127685546875,10.0,168596.0,153.1504657959938,3,0.0009083873033523559,208.2127685546875,168596.0,results/nytimes-256-angular/10/pancake-int8/angular_true_M_16_efConstruction_100_200.hdf5,"{""M"": 16, ""algo"": ""pancake-int8"", ""batch_mode"": false, ""best_search_time"": 0.0009083873033523559, ""build_time"": 208.2127685546875, ""candidates"": 10.0, ""count"": 10, ""dataset"": ""nytimes-256-angular"", ""distance"": ""angular"", ""efConstruction"": 100, ""efSearch"": 200, ""engine_memory_bytes"": 153728874, ""expect_extra"": false, ""filtered_base_vectors"": 0, ""index_size"": 168596.0, ""name"": ""Pancake int8 (M=16, efConstruction=100, efSearch=200)"", ""retained_zero_vectors"": 239, ""run_count"": 3, ""storage"": ""int8""}"
nytimes-256-angular,10,angular,False,pancake-int8,"Pancake int8 (M=16, efConstruction=100, efSearch=200)",0.9080600000000001,0.9361900000000001,0.99201,nan,1057.17191772159,0.9512901306152344,1.390015959739685,1.6172142028808594,2.2523460388183594,0.0,209.30550527572632,9.991,168956.0,159.81884986515047,1,0.000945919942855835,209.30550527572632,168956.0,results/nytimes-256-angular/10/pancake-int8-filtered-before-zero-retention/angular_true_M_16_efConstruction_100_200.hdf5,"{""M"": 16, ""algo"": ""pancake-int8"", ""batch_mode"": false, ""best_search_time"": 0.000945919942855835, ""build_time"": 209.30550527572632, ""candidates"": 9.991, ""count"": 10, ""dataset"": ""nytimes-256-angular"", ""distance"": ""angular"", ""efConstruction"": 100, ""efSearch"": 200, ""engine_memory_bytes"": 153728874, ""expect_extra"": false, ""filtered_base_vectors"": 239, ""index_size"": 168956.0, ""name"": ""Pancake int8 (M=16, efConstruction=100, efSearch=200)"", ""run_count"": 1, ""storage"": ""int8""}"
nytimes-256-angular,10,angular,False,pancake-int8,"Pancake int8 (M=16, efConstruction=100, efSearch=200)",0.02515,0.02596,0.032529999999999996,nan,19916.956962737004,0.0209808349609375,0.3390430808067322,0.5626678466796875,0.688316285610199,0.0,91.9745261669159,10.0,163796.0,8.223947077178954,3,5.0208473205566404e-05,91.9745261669159,163796.0,results/nytimes-256-angular/10/pancake-int8-invalid-before-filter/euclidean_true_M_16_efConstruction_100_200.hdf5,"{""M"": 16, ""algo"": ""pancake-int8"", ""batch_mode"": false, ""best_search_time"": 5.0208473205566404e-05, ""build_time"": 91.9745261669159, ""candidates"": 10.0, ""count"": 10, ""dataset"": ""nytimes-256-angular"", ""distance"": ""angular"", ""efConstruction"": 100, ""efSearch"": 200, ""engine_memory_bytes"": 153855168, ""expect_extra"": false, ""index_size"": 163796.0, ""name"": ""Pancake int8 (M=16, efConstruction=100, efSearch=200)"", ""run_count"": 3, ""storage"": ""int8""}"
nytimes-256-angular,10,angular,False,pancake-int8,"Pancake int8 (M=16, efConstruction=100, efSearch=200)",0.02515,0.02596,0.032529999999999996,nan,20360.333333818762,0.019788742065429688,0.32594195008277893,0.533349335193634,0.6673412919044495,0.0,90.40071749687195,10.0,163816.0,8.045840768623352,3,4.911510944366455e-05,90.40071749687195,163816.0,results/nytimes-256-angular/10/pancake-int8-metric-mismatch/euclidean_true_M_16_efConstruction_100_200.hdf5,"{""M"": 16, ""algo"": ""pancake-int8"", ""batch_mode"": false, ""best_search_time"": 4.911510944366455e-05, ""build_time"": 90.40071749687195, ""candidates"": 10.0, ""count"": 10, ""dataset"": ""nytimes-256-angular"", ""distance"": ""angular"", ""efConstruction"": 100, ""efSearch"": 200, ""engine_memory_bytes"": 153855168, ""expect_extra"": false, ""filtered_base_vectors"": 0, ""index_size"": 163816.0, ""name"": ""Pancake int8 (M=16, efConstruction=100, efSearch=200)"", ""retained_zero_vectors"": 0, ""run_count"": 3, ""storage"": ""int8""}"
nytimes-256-angular,10,angular,False,pancake-int8,"Pancake int8 (M=16, efConstruction=100, efSearch=40)",0.79962,0.82305,0.95692,nan,3641.6368153389835,0.2607107162475586,0.44083595275878906,0.5459831953048706,0.6730700731277466,0.0,208.2127685546875,10.0,168596.0,46.29676394138336,3,0.0002746017932891846,208.2127685546875,168596.0,results/nytimes-256-angular/10/pancake-int8/angular_true_M_16_efConstruction_100_40.hdf5,"{""M"": 16, ""algo"": ""pancake-int8"", ""batch_mode"": false, ""best_search_time"": 0.0002746017932891846, ""build_time"": 208.2127685546875, ""candidates"": 10.0, ""count"": 10, ""dataset"": ""nytimes-256-angular"", ""distance"": ""angular"", ""efConstruction"": 100, ""efSearch"": 40, ""engine_memory_bytes"": 153728874, ""expect_extra"": false, ""filtered_base_vectors"": 0, ""index_size"": 168596.0, ""name"": ""Pancake int8 (M=16, efConstruction=100, efSearch=40)"", ""retained_zero_vectors"": 239, ""run_count"": 3, ""storage"": ""int8""}"
nytimes-256-angular,10,angular,False,pancake-int8,"Pancake int8 (M=16, efConstruction=100, efSearch=40)",0.79962,0.82305,0.95692,nan,3468.1457282966785,0.27251243591308594,0.4696964621543884,0.593433141708374,0.7622432708740234,0.0,213.50519585609436,9.991,168936.0,48.7107559009552,1,0.0002883385181427002,213.50519585609436,168936.0,results/nytimes-256-angular/10/pancake-int8-filtered-before-zero-retention/angular_true_M_16_efConstruction_100_40.hdf5,"{""M"": 16, ""algo"": ""pancake-int8"", ""batch_mode"": false, ""best_search_time"": 0.0002883385181427002, ""build_time"": 213.50519585609436, ""candidates"": 9.991, ""count"": 10, ""dataset"": ""nytimes-256-angular"", ""distance"": ""angular"", ""efConstruction"": 100, ""efSearch"": 40, ""engine_memory_bytes"": 153728874, ""expect_extra"": false, ""filtered_base_vectors"": 239, ""index_size"": 168936.0, ""name"": ""Pancake int8 (M=16, efConstruction=100, efSearch=40)"", ""run_count"": 1, ""storage"": ""int8""}"
nytimes-256-angular,10,angular,False,pancake-int8,"Pancake int8 (M=16, efConstruction=100, efSearch=40)",0.02228,0.02301,0.02899,nan,41258.51989639885,0.019550323486328125,0.06461143493652344,0.1227925568819046,0.18334412574768066,0.0,91.9745261669159,10.0,163796.0,3.969992147350311,3,2.423741817474365e-05,91.9745261669159,163796.0,results/nytimes-256-angular/10/pancake-int8-invalid-before-filter/euclidean_true_M_16_efConstruction_100_40.hdf5,"{""M"": 16, ""algo"": ""pancake-int8"", ""batch_mode"": false, ""best_search_time"": 2.423741817474365e-05, ""build_time"": 91.9745261669159, ""candidates"": 10.0, ""count"": 10, ""dataset"": ""nytimes-256-angular"", ""distance"": ""angular"", ""efConstruction"": 100, ""efSearch"": 40, ""engine_memory_bytes"": 153855168, ""expect_extra"": false, ""index_size"": 163796.0, ""name"": ""Pancake int8 (M=16, efConstruction=100, efSearch=40)"", ""run_count"": 3, ""storage"": ""int8""}"
nytimes-256-angular,10,angular,False,pancake-int8,"Pancake int8 (M=16, efConstruction=100, efSearch=40)",0.02228,0.02301,0.02899,nan,41482.82948964192,0.019073486328125,0.06343121826648712,0.12040837109088898,0.1733333319425583,0.0,90.40071749687195,10.0,163816.0,3.949007384872436,3,2.4106359481811522e-05,90.40071749687195,163816.0,results/nytimes-256-angular/10/pancake-int8-metric-mismatch/euclidean_true_M_16_efConstruction_100_40.hdf5,"{""M"": 16, ""algo"": ""pancake-int8"", ""batch_mode"": false, ""best_search_time"": 2.4106359481811522e-05, ""build_time"": 90.40071749687195, ""candidates"": 10.0, ""count"": 10, ""dataset"": ""nytimes-256-angular"", ""distance"": ""angular"", ""efConstruction"": 100, ""efSearch"": 40, ""engine_memory_bytes"": 153855168, ""expect_extra"": false, ""filtered_base_vectors"": 0, ""index_size"": 163816.0, ""name"": ""Pancake int8 (M=16, efConstruction=100, efSearch=40)"", ""retained_zero_vectors"": 0, ""run_count"": 3, ""storage"": ""int8""}"
nytimes-256-angular,10,angular,False,pancake-int8,"Pancake int8 (M=16, efConstruction=100, efSearch=400)",0.93643,0.96198,0.99319,nan,599.3755599536111,1.7347335815429688,2.2783279418945312,2.542741060256958,2.9947781562805176,0.0,208.2127685546875,10.0,168596.0,281.2860771517754,3,0.0016684030294418335,208.2127685546875,168596.0,results/nytimes-256-angular/10/pancake-int8/angular_true_M_16_efConstruction_100_400.hdf5,"{""M"": 16, ""algo"": ""pancake-int8"", ""batch_mode"": false, ""best_search_time"": 0.0016684030294418335, ""build_time"": 208.2127685546875, ""candidates"": 10.0, ""count"": 10, ""dataset"": ""nytimes-256-angular"", ""distance"": ""angular"", ""efConstruction"": 100, ""efSearch"": 400, ""engine_memory_bytes"": 153728874, ""expect_extra"": false, ""filtered_base_vectors"": 0, ""index_size"": 168596.0, ""name"": ""Pancake int8 (M=16, efConstruction=100, efSearch=400)"", ""retained_zero_vectors"": 239, ""run_count"": 3, ""storage"": ""int8""}"
nytimes-256-angular,10,angular,False,pancake-int8,"Pancake int8 (M=16, efConstruction=100, efSearch=400)",0.93643,0.96198,0.99319,nan,583.0761904401787,1.771688461303711,2.3801445960998535,2.6977202892303467,3.219855785369873,0.0,213.50519585609436,9.991,168936.0,289.7322901702881,1,0.001715041732788086,213.50519585609436,168936.0,results/nytimes-256-angular/10/pancake-int8-filtered-before-zero-retention/angular_true_M_16_efConstruction_100_400.hdf5,"{""M"": 16, ""algo"": ""pancake-int8"", ""batch_mode"": false, ""best_search_time"": 0.001715041732788086, ""build_time"": 213.50519585609436, ""candidates"": 9.991, ""count"": 10, ""dataset"": ""nytimes-256-angular"", ""distance"": ""angular"", ""efConstruction"": 100, ""efSearch"": 400, ""engine_memory_bytes"": 153728874, ""expect_extra"": false, ""filtered_base_vectors"": 239, ""index_size"": 168936.0, ""name"": ""Pancake int8 (M=16, efConstruction=100, efSearch=400)"", ""run_count"": 1, ""storage"": ""int8""}"
nytimes-256-angular,10,angular,False,pancake-int8,"Pancake int8 (M=16, efConstruction=100, efSearch=400)",0.0254,0.02621,0.03278,nan,13277.223140579585,0.02002716064453125,0.5854957103729248,1.0199639797210693,1.137019395828247,0.0,91.9745261669159,10.0,163796.0,12.336615741539001,3,7.531695365905762e-05,91.9745261669159,163796.0,results/nytimes-256-angular/10/pancake-int8-invalid-before-filter/euclidean_true_M_16_efConstruction_100_400.hdf5,"{""M"": 16, ""algo"": ""pancake-int8"", ""batch_mode"": false, ""best_search_time"": 7.531695365905762e-05, ""build_time"": 91.9745261669159, ""candidates"": 10.0, ""count"": 10, ""dataset"": ""nytimes-256-angular"", ""distance"": ""angular"", ""efConstruction"": 100, ""efSearch"": 400, ""engine_memory_bytes"": 153855168, ""expect_extra"": false, ""index_size"": 163796.0, ""name"": ""Pancake int8 (M=16, efConstruction=100, efSearch=400)"", ""run_count"": 3, ""storage"": ""int8""}"
nytimes-256-angular,10,angular,False,pancake-int8,"Pancake int8 (M=16, efConstruction=100, efSearch=400)",0.0254,0.02621,0.03278,nan,13021.025227416803,0.020742416381835938,0.5884526968002319,1.0418891906738281,1.2457436323165894,0.0,90.40071749687195,10.0,163816.0,12.580883389663695,3,7.679886817932129e-05,90.40071749687195,163816.0,results/nytimes-256-angular/10/pancake-int8-metric-mismatch/euclidean_true_M_16_efConstruction_100_400.hdf5,"{""M"": 16, ""algo"": ""pancake-int8"", ""batch_mode"": false, ""best_search_time"": 7.679886817932129e-05, ""build_time"": 90.40071749687195, ""candidates"": 10.0, ""count"": 10, ""dataset"": ""nytimes-256-angular"", ""distance"": ""angular"", ""efConstruction"": 100, ""efSearch"": 400, ""engine_memory_bytes"": 153855168, ""expect_extra"": false, ""filtered_base_vectors"": 0, ""index_size"": 163816.0, ""name"": ""Pancake int8 (M=16, efConstruction=100, efSearch=400)"", ""retained_zero_vectors"": 0, ""run_count"": 3, ""storage"": ""int8""}"
nytimes-256-angular,10,angular,False,pancake-int8,"Pancake int8 (M=16, efConstruction=100, efSearch=80)",0.8560399999999999,0.8818300000000001,0.98209,nan,2286.0723316672847,0.4436969757080078,0.7200241088867188,0.8707185983657837,1.071216344833374,0.0,208.2127685546875,10.0,168596.0,73.74919754924775,3,0.00043743147850036624,208.2127685546875,168596.0,results/nytimes-256-angular/10/pancake-int8/angular_true_M_16_efConstruction_100_80.hdf5,"{""M"": 16, ""algo"": ""pancake-int8"", ""batch_mode"": false, ""best_search_time"": 0.00043743147850036624, ""build_time"": 208.2127685546875, ""candidates"": 10.0, ""count"": 10, ""dataset"": ""nytimes-256-angular"", ""distance"": ""angular"", ""efConstruction"": 100, ""efSearch"": 80, ""engine_memory_bytes"": 153728874, ""expect_extra"": false, ""filtered_base_vectors"": 0, ""index_size"": 168596.0, ""name"": ""Pancake int8 (M=16, efConstruction=100, efSearch=80)"", ""retained_zero_vectors"": 239, ""run_count"": 3, ""storage"": ""int8""}"
nytimes-256-angular,10,angular,False,pancake-int8,"Pancake int8 (M=16, efConstruction=100, efSearch=80)",0.8560399999999999,0.8818300000000001,0.98209,nan,2243.66056699837,0.4317760467529297,0.6899833679199219,0.8404301404953003,1.0304497480392456,0.0,213.50519585609436,9.991,168936.0,75.29481173973083,1,0.00044570021629333496,213.50519585609436,168936.0,results/nytimes-256-angular/10/pancake-int8-filtered-before-zero-retention/angular_true_M_16_efConstruction_100_80.hdf5,"{""M"": 16, ""algo"": ""pancake-int8"", ""batch_mode"": false, ""best_search_time"": 0.00044570021629333496, ""build_time"": 213.50519585609436, ""candidates"": 9.991, ""count"": 10, ""dataset"": ""nytimes-256-angular"", ""distance"": ""angular"", ""efConstruction"": 100, ""efSearch"": 80, ""engine_memory_bytes"": 153728874, ""expect_extra"": false, ""filtered_base_vectors"": 239, ""index_size"": 168936.0, ""name"": ""Pancake int8 (M=16, efConstruction=100, efSearch=80)"", ""run_count"": 1, ""storage"": ""int8""}"
nytimes-256-angular,10,angular,False,pancake-int8,"Pancake int8 (M=16, efConstruction=100, efSearch=80)",0.02449,0.02529,0.0317,nan,30536.208702843946,0.019788742065429688,0.1513957977294922,0.2329372763633728,0.3035140633583069,0.0,91.9745261669159,10.0,163796.0,5.363992681407928,3,3.2748007774353026e-05,91.9745261669159,163796.0,results/nytimes-256-angular/10/pancake-int8-invalid-before-filter/euclidean_true_M_16_efConstruction_100_80.hdf5,"{""M"": 16, ""algo"": ""pancake-int8"", ""batch_mode"": false, ""best_search_time"": 3.2748007774353026e-05, ""build_time"": 91.9745261669159, ""candidates"": 10.0, ""count"": 10, ""dataset"": ""nytimes-256-angular"", ""distance"": ""angular"", ""efConstruction"": 100, ""efSearch"": 80, ""engine_memory_bytes"": 153855168, ""expect_extra"": false, ""index_size"": 163796.0, ""name"": ""Pancake int8 (M=16, efConstruction=100, efSearch=80)"", ""run_count"": 3, ""storage"": ""int8""}"
nytimes-256-angular,10,angular,False,pancake-int8,"Pancake int8 (M=16, efConstruction=100, efSearch=80)",0.02449,0.02529,0.0317,nan,31854.61858491899,0.018835067749023438,0.14663930237293243,0.23627513647079468,0.31471437215805054,0.0,90.40071749687195,10.0,163816.0,5.142613764572143,3,3.139262199401855e-05,90.40071749687195,163816.0,results/nytimes-256-angular/10/pancake-int8-metric-mismatch/euclidean_true_M_16_efConstruction_100_80.hdf5,"{""M"": 16, ""algo"": ""pancake-int8"", ""batch_mode"": false, ""best_search_time"": 3.139262199401855e-05, ""build_time"": 90.40071749687195, ""candidates"": 10.0, ""count"": 10, ""dataset"": ""nytimes-256-angular"", ""distance"": ""angular"", ""efConstruction"": 100, ""efSearch"": 80, ""engine_memory_bytes"": 153855168, ""expect_extra"": false, ""filtered_base_vectors"": 0, ""index_size"": 163816.0, ""name"": ""Pancake int8 (M=16, efConstruction=100, efSearch=80)"", ""retained_zero_vectors"": 0, ""run_count"": 3, ""storage"": ""int8""}"
nytimes-256-angular,10,angular,False,pancake-int8,"Pancake int8 (M=16, efConstruction=100, efSearch=800)",0.9618399999999999,0.9809699999999999,0.99362,nan,311.3181816636609,3.3811330795288086,4.222393035888672,4.793887138366699,5.620481491088867,0.0,208.2127685546875,10.0,168596.0,541.5552638109207,3,0.0032121477603912355,208.2127685546875,168596.0,results/nytimes-256-angular/10/pancake-int8/angular_true_M_16_efConstruction_100_800.hdf5,"{""M"": 16, ""algo"": ""pancake-int8"", ""batch_mode"": false, ""best_search_time"": 0.0032121477603912355, ""build_time"": 208.2127685546875, ""candidates"": 10.0, ""count"": 10, ""dataset"": ""nytimes-256-angular"", ""distance"": ""angular"", ""efConstruction"": 100, ""efSearch"": 800, ""engine_memory_bytes"": 153728874, ""expect_extra"": false, ""filtered_base_vectors"": 0, ""index_size"": 168596.0, ""name"": ""Pancake int8 (M=16, efConstruction=100, efSearch=800)"", ""retained_zero_vectors"": 239, ""run_count"": 3, ""storage"": ""int8""}"
nytimes-256-angular,10,angular,False,pancake-int8,"Pancake int8 (M=16, efConstruction=100, efSearch=800)",0.9618399999999999,0.9809699999999999,0.99362,nan,308.0591857935105,3.4313201904296875,4.251968860626221,4.831351280212402,5.68772029876709,0.0,213.50519585609436,9.991,168936.0,548.3881273166656,1,0.0032461294651031495,213.50519585609436,168936.0,results/nytimes-256-angular/10/pancake-int8-filtered-before-zero-retention/angular_true_M_16_efConstruction_100_800.hdf5,"{""M"": 16, ""algo"": ""pancake-int8"", ""batch_mode"": false, ""best_search_time"": 0.0032461294651031495, ""build_time"": 213.50519585609436, ""candidates"": 9.991, ""count"": 10, ""dataset"": ""nytimes-256-angular"", ""distance"": ""angular"", ""efConstruction"": 100, ""efSearch"": 800, ""engine_memory_bytes"": 153728874, ""expect_extra"": false, ""filtered_base_vectors"": 239, ""index_size"": 168936.0, ""name"": ""Pancake int8 (M=16, efConstruction=100, efSearch=800)"", ""run_count"": 1, ""storage"": ""int8""}"
nytimes-256-angular,10,angular,False,pancake-int8,"Pancake int8 (M=16, efConstruction=100, efSearch=800)",0.02554,0.026350000000000002,0.03293,nan,7852.285881119316,0.021219253540039062,1.2108548879623413,1.8868446350097656,2.073080539703369,0.0,91.9745261669159,10.0,163796.0,20.85965825490952,3,0.000127351450920105,91.9745261669159,163796.0,results/nytimes-256-angular/10/pancake-int8-invalid-before-filter/euclidean_true_M_16_efConstruction_100_800.hdf5,"{""M"": 16, ""algo"": ""pancake-int8"", ""batch_mode"": false, ""best_search_time"": 0.000127351450920105, ""build_time"": 91.9745261669159, ""candidates"": 10.0, ""count"": 10, ""dataset"": ""nytimes-256-angular"", ""distance"": ""angular"", ""efConstruction"": 100, ""efSearch"": 800, ""engine_memory_bytes"": 153855168, ""expect_extra"": false, ""index_size"": 163796.0, ""name"": ""Pancake int8 (M=16, efConstruction=100, efSearch=800)"", ""run_count"": 3, ""storage"": ""int8""}"
nytimes-256-angular,10,angular,False,pancake-int8,"Pancake int8 (M=16, efConstruction=100, efSearch=800)",0.02554,0.026350000000000002,0.03293,nan,8164.062005780608,0.019550323486328125,1.1955020427703857,1.8281960487365723,1.9898566007614136,0.0,90.40071749687195,10.0,163816.0,20.065501693153383,3,0.00012248804569244386,90.40071749687195,163816.0,results/nytimes-256-angular/10/pancake-int8-metric-mismatch/euclidean_true_M_16_efConstruction_100_800.hdf5,"{""M"": 16, ""algo"": ""pancake-int8"", ""batch_mode"": false, ""best_search_time"": 0.00012248804569244386, ""build_time"": 90.40071749687195, ""candidates"": 10.0, ""count"": 10, ""dataset"": ""nytimes-256-angular"", ""distance"": ""angular"", ""efConstruction"": 100, ""efSearch"": 800, ""engine_memory_bytes"": 153855168, ""expect_extra"": false, ""filtered_base_vectors"": 0, ""index_size"": 163816.0, ""name"": ""Pancake int8 (M=16, efConstruction=100, efSearch=800)"", ""retained_zero_vectors"": 0, ""run_count"": 3, ""storage"": ""int8""}"
sift-128-euclidean,10,euclidean,False,pancake-int8,"Pancake int8 (M=16, efConstruction=100, efSearch=10)",0.75685,0.85674,0.9996600000000001,0.09044650942087173,9325.325784680183,0.102996826171875,0.16021728515625,0.19717448949813843,0.25415629148483276,0.0,527.7750470638275,10.0,443720.0,47.58225184249878,3,0.00010723485946655273,527.7750470638275,443720.0,results/sift-128-euclidean/10/pancake-int8/euclidean_true_M_16_efConstruction_100_10.hdf5,"{""M"": 16, ""algo"": ""pancake-int8"", ""batch_mode"": false, ""best_search_time"": 0.00010723485946655273, ""build_time"": 527.7750470638275, ""candidates"": 10.0, ""count"": 10, ""dataset"": ""sift-128-euclidean"", ""distance"": ""euclidean"", ""efConstruction"": 100, ""efSearch"": 10, ""engine_memory_bytes"": 402559472, ""expect_extra"": false, ""index_size"": 443720.0, ""name"": ""Pancake int8 (M=16, efConstruction=100, efSearch=10)"", ""run_count"": 3, ""storage"": ""int8""}"
sift-128-euclidean,10,euclidean,False,pancake-int8,"Pancake int8 (M=16, efConstruction=100, efSearch=120)",0.98322,0.9991899999999999,1.0,0.08938000351190567,1792.7746331457781,0.5757808685302734,0.7507919669151306,0.8542560935020447,1.0197441577911377,0.0,527.7750470638275,10.0,443720.0,247.5046175889969,3,0.0005577945947647095,527.7750470638275,443720.0,results/sift-128-euclidean/10/pancake-int8/euclidean_true_M_16_efConstruction_100_120.hdf5,"{""M"": 16, ""algo"": ""pancake-int8"", ""batch_mode"": false, ""best_search_time"": 0.0005577945947647095, ""build_time"": 527.7750470638275, ""candidates"": 10.0, ""count"": 10, ""dataset"": ""sift-128-euclidean"", ""distance"": ""euclidean"", ""efConstruction"": 100, ""efSearch"": 120, ""engine_memory_bytes"": 402559472, ""expect_extra"": false, ""index_size"": 443720.0, ""name"": ""Pancake int8 (M=16, efConstruction=100, efSearch=120)"", ""run_count"": 3, ""storage"": ""int8""}"
sift-128-euclidean,10,euclidean,False,pancake-int8,"Pancake int8 (M=16, efConstruction=100, efSearch=20)",0.86553,0.94647,0.9999100000000001,0.08983230590820312,6583.576877152673,0.1494884490966797,0.21457672119140625,0.25082099437713623,0.3068481981754303,0.0,527.7750470638275,10.0,443720.0,67.398013007164,3,0.00015189311504364015,527.7750470638275,443720.0,results/sift-128-euclidean/10/pancake-int8/euclidean_true_M_16_efConstruction_100_20.hdf5,"{""M"": 16, ""algo"": ""pancake-int8"", ""batch_mode"": false, ""best_search_time"": 0.00015189311504364015, ""build_time"": 527.7750470638275, ""candidates"": 10.0, ""count"": 10, ""dataset"": ""sift-128-euclidean"", ""distance"": ""euclidean"", ""efConstruction"": 100, ""efSearch"": 20, ""engine_memory_bytes"": 402559472, ""expect_extra"": false, ""index_size"": 443720.0, ""name"": ""Pancake int8 (M=16, efConstruction=100, efSearch=20)"", ""run_count"": 3, ""storage"": ""int8""}"
sift-128-euclidean,10,euclidean,False,pancake-int8,"Pancake int8 (M=16, efConstruction=100, efSearch=200)",0.9891500000000001,0.9997999999999999,1.0,0.0893634557723999,1170.8590235771417,0.8883476257324219,1.1637210845947266,1.336824655532837,1.5378010272979736,0.0,527.7750470638275,10.0,443720.0,378.9696206502914,3,0.0008540737867355347,527.7750470638275,443720.0,results/sift-128-euclidean/10/pancake-int8/euclidean_true_M_16_efConstruction_100_200.hdf5,"{""M"": 16, ""algo"": ""pancake-int8"", ""batch_mode"": false, ""best_search_time"": 0.0008540737867355347, ""build_time"": 527.7750470638275, ""candidates"": 10.0, ""count"": 10, ""dataset"": ""sift-128-euclidean"", ""distance"": ""euclidean"", ""efConstruction"": 100, ""efSearch"": 200, ""engine_memory_bytes"": 402559472, ""expect_extra"": false, ""index_size"": 443720.0, ""name"": ""Pancake int8 (M=16, efConstruction=100, efSearch=200)"", ""run_count"": 3, ""storage"": ""int8""}"
sift-128-euclidean,10,euclidean,False,pancake-int8,"Pancake int8 (M=16, efConstruction=100, efSearch=40)",0.9374399999999999,0.98658,1.0,0.089533232152462,4129.907183272666,0.24461746215820312,0.3352283835411072,0.3955387473106384,0.4780329763889313,0.0,527.7750470638275,10.0,443720.0,107.44067125701905,3,0.00024213619232177735,527.7750470638275,443720.0,results/sift-128-euclidean/10/pancake-int8/euclidean_true_M_16_efConstruction_100_40.hdf5,"{""M"": 16, ""algo"": ""pancake-int8"", ""batch_mode"": false, ""best_search_time"": 0.00024213619232177735, ""build_time"": 527.7750470638275, ""candidates"": 10.0, ""count"": 10, ""dataset"": ""sift-128-euclidean"", ""distance"": ""euclidean"", ""efConstruction"": 100, ""efSearch"": 40, ""engine_memory_bytes"": 402559472, ""expect_extra"": false, ""index_size"": 443720.0, ""name"": ""Pancake int8 (M=16, efConstruction=100, efSearch=40)"", ""run_count"": 3, ""storage"": ""int8""}"
sift-128-euclidean,10,euclidean,False,pancake-int8,"Pancake int8 (M=16, efConstruction=100, efSearch=400)",0.99186,0.9999399999999999,1.0,0.08935611695051193,662.1521184703513,1.5732049942016602,2.0706653594970703,2.345339775085449,2.775918483734131,0.0,527.7750470638275,10.0,443720.0,670.1179194669724,3,0.0015102269887924194,527.7750470638275,443720.0,results/sift-128-euclidean/10/pancake-int8/euclidean_true_M_16_efConstruction_100_400.hdf5,"{""M"": 16, ""algo"": ""pancake-int8"", ""batch_mode"": false, ""best_search_time"": 0.0015102269887924194, ""build_time"": 527.7750470638275, ""candidates"": 10.0, ""count"": 10, ""dataset"": ""sift-128-euclidean"", ""distance"": ""euclidean"", ""efConstruction"": 100, ""efSearch"": 400, ""engine_memory_bytes"": 402559472, ""expect_extra"": false, ""index_size"": 443720.0, ""name"": ""Pancake int8 (M=16, efConstruction=100, efSearch=400)"", ""run_count"": 3, ""storage"": ""int8""}"
sift-128-euclidean,10,euclidean,False,pancake-int8,"Pancake int8 (M=16, efConstruction=100, efSearch=80)",0.9731,0.9973599999999999,1.0,0.08941125869750977,2475.6962272923424,0.4189014434814453,0.5545616149902344,0.6287190914154053,0.7877375483512878,0.0,527.7750470638275,10.0,443720.0,179.2303898630142,3,0.00040392677783966066,527.7750470638275,443720.0,results/sift-128-euclidean/10/pancake-int8/euclidean_true_M_16_efConstruction_100_80.hdf5,"{""M"": 16, ""algo"": ""pancake-int8"", ""batch_mode"": false, ""best_search_time"": 0.00040392677783966066, ""build_time"": 527.7750470638275, ""candidates"": 10.0, ""count"": 10, ""dataset"": ""sift-128-euclidean"", ""distance"": ""euclidean"", ""efConstruction"": 100, ""efSearch"": 80, ""engine_memory_bytes"": 402559472, ""expect_extra"": false, ""index_size"": 443720.0, ""name"": ""Pancake int8 (M=16, efConstruction=100, efSearch=80)"", ""run_count"": 3, ""storage"": ""int8""}"
sift-128-euclidean,10,euclidean,False,pancake-int8,"Pancake int8 (M=16, efConstruction=100, efSearch=800)",0.99236,0.9999800000000001,1.0,0.08935482054948807,380.91458373453685,2.7294158935546875,3.632068634033203,4.0547895431518555,4.7912821769714355,0.0,527.7750470638275,10.0,443720.0,1164.8805767679214,3,0.0026252604722976683,527.7750470638275,443720.0,results/sift-128-euclidean/10/pancake-int8/euclidean_true_M_16_efConstruction_100_800.hdf5,"{""M"": 16, ""algo"": ""pancake-int8"", ""batch_mode"": false, ""best_search_time"": 0.0026252604722976683, ""build_time"": 527.7750470638275, ""candidates"": 10.0, ""count"": 10, ""dataset"": ""sift-128-euclidean"", ""distance"": ""euclidean"", ""efConstruction"": 100, ""efSearch"": 800, ""engine_memory_bytes"": 402559472, ""expect_extra"": false, ""index_size"": 443720.0, ""name"": ""Pancake int8 (M=16, efConstruction=100, efSearch=800)"", ""run_count"": 3, ""storage"": ""int8""}"
sift-128-euclidean,10,euclidean,False,pancake-int8,"Pancake int8 (M=8, efConstruction=100, efSearch=10)",0.62083,0.71814,0.99397,0.0916319489479065,14217.280845517762,0.07939338684082031,0.15234947204589844,0.22101634740829468,0.42129167914390564,0.0,305.556902885437,10.0,322636.0,22.69322829771042,3,7.033693790435791e-05,305.556902885437,322636.0,results/sift-128-euclidean/10/pancake-int8/euclidean_true_M_8_efConstruction_100_10.hdf5,"{""M"": 8, ""algo"": ""pancake-int8"", ""batch_mode"": false, ""best_search_time"": 7.033693790435791e-05, ""build_time"": 305.556902885437, ""candidates"": 10.0, ""count"": 10, ""dataset"": ""sift-128-euclidean"", ""distance"": ""euclidean"", ""efConstruction"": 100, ""efSearch"": 10, ""engine_memory_bytes"": 275152624, ""expect_extra"": false, ""index_size"": 322636.0, ""name"": ""Pancake int8 (M=8, efConstruction=100, efSearch=10)"", ""run_count"": 3, ""storage"": ""int8""}"
sift-128-euclidean,10,euclidean,False,pancake-int8,"Pancake int8 (M=8, efConstruction=100, efSearch=120)",0.95465,0.9915100000000001,0.99918,0.08950384706258774,2652.655119114176,0.3763437271118164,0.514984130859375,0.6055878400802612,0.7481642365455627,0.0,305.556902885437,10.0,322636.0,121.62757143783568,3,0.0003769807815551758,305.556902885437,322636.0,results/sift-128-euclidean/10/pancake-int8/euclidean_true_M_8_efConstruction_100_120.hdf5,"{""M"": 8, ""algo"": ""pancake-int8"", ""batch_mode"": false, ""best_search_time"": 0.0003769807815551758, ""build_time"": 305.556902885437, ""candidates"": 10.0, ""count"": 10, ""dataset"": ""sift-128-euclidean"", ""distance"": ""euclidean"", ""efConstruction"": 100, ""efSearch"": 120, ""engine_memory_bytes"": 275152624, ""expect_extra"": false, ""index_size"": 322636.0, ""name"": ""Pancake int8 (M=8, efConstruction=100, efSearch=120)"", ""run_count"": 3, ""storage"": ""int8""}"
sift-128-euclidean,10,euclidean,False,pancake-int8,"Pancake int8 (M=8, efConstruction=100, efSearch=20)",0.75907,0.85822,0.99882,0.09050378948450089,9210.477311455827,0.102996826171875,0.16355514526367188,0.20838715136051178,0.3173353672027588,0.0,305.556902885437,10.0,322636.0,35.029237800598146,3,0.00010857200622558594,305.556902885437,322636.0,results/sift-128-euclidean/10/pancake-int8/euclidean_true_M_8_efConstruction_100_20.hdf5,"{""M"": 8, ""algo"": ""pancake-int8"", ""batch_mode"": false, ""best_search_time"": 0.00010857200622558594, ""build_time"": 305.556902885437, ""candidates"": 10.0, ""count"": 10, ""dataset"": ""sift-128-euclidean"", ""distance"": ""euclidean"", ""efConstruction"": 100, ""efSearch"": 20, ""engine_memory_bytes"": 275152624, ""expect_extra"": false, ""index_size"": 322636.0, ""name"": ""Pancake int8 (M=8, efConstruction=100, efSearch=20)"", ""run_count"": 3, ""storage"": ""int8""}"
sift-128-euclidean,10,euclidean,False,pancake-int8,"Pancake int8 (M=8, efConstruction=100, efSearch=200)",0.97309,0.9963599999999999,0.99918,0.08944143354892731,1765.3961141371717,0.5824565887451172,0.7989525198936462,0.9560747742652893,1.2068794965744019,0.0,305.556902885437,10.0,322636.0,182.75558522891995,3,0.0005664451122283935,305.556902885437,322636.0,results/sift-128-euclidean/10/pancake-int8/euclidean_true_M_8_efConstruction_100_200.hdf5,"{""M"": 8, ""algo"": ""pancake-int8"", ""batch_mode"": false, ""best_search_time"": 0.0005664451122283935, ""build_time"": 305.556902885437, ""candidates"": 10.0, ""count"": 10, ""dataset"": ""sift-128-euclidean"", ""distance"": ""euclidean"", ""efConstruction"": 100, ""efSearch"": 200, ""engine_memory_bytes"": 275152624, ""expect_extra"": false, ""index_size"": 322636.0, ""name"": ""Pancake int8 (M=8, efConstruction=100, efSearch=200)"", ""run_count"": 3, ""storage"": ""int8""}"
sift-128-euclidean,10,euclidean,False,pancake-int8,"Pancake int8 (M=8, efConstruction=100, efSearch=40)",0.8616300000000001,0.9427300000000001,0.99908,0.08991250395774841,5671.197932772376,0.17380714416503906,0.2720355987548828,0.35691726207733154,0.4329683780670166,0.0,305.556902885437,10.0,322636.0,56.89027324113845,3,0.00017632958889007567,305.556902885437,322636.0,results/sift-128-euclidean/10/pancake-int8/euclidean_true_M_8_efConstruction_100_40.hdf5,"{""M"": 8, ""algo"": ""pancake-int8"", ""batch_mode"": false, ""best_search_time"": 0.00017632958889007567, ""build_time"": 305.556902885437, ""candidates"": 10.0, ""count"": 10, ""dataset"": ""sift-128-euclidean"", ""distance"": ""euclidean"", ""efConstruction"": 100, ""efSearch"": 40, ""engine_memory_bytes"": 275152624, ""expect_extra"": false, ""index_size"": 322636.0, ""name"": ""Pancake int8 (M=8, efConstruction=100, efSearch=40)"", ""run_count"": 3, ""storage"": ""int8""}"
sift-128-euclidean,10,euclidean,False,pancake-int8,"Pancake int8 (M=8, efConstruction=100, efSearch=400)",0.9846299999999999,0.99814,0.99918,0.08940272778272629,973.4671672441133,1.0491609573364258,1.35422945022583,1.6045663356781006,1.865872859954834,0.0,305.556902885437,10.0,322636.0,331.42977067565914,3,0.0010272560119628906,305.556902885437,322636.0,results/sift-128-euclidean/10/pancake-int8/euclidean_true_M_8_efConstruction_100_400.hdf5,"{""M"": 8, ""algo"": ""pancake-int8"", ""batch_mode"": false, ""best_search_time"": 0.0010272560119628906, ""build_time"": 305.556902885437, ""candidates"": 10.0, ""count"": 10, ""dataset"": ""sift-128-euclidean"", ""distance"": ""euclidean"", ""efConstruction"": 100, ""efSearch"": 400, ""engine_memory_bytes"": 275152624, ""expect_extra"": false, ""index_size"": 322636.0, ""name"": ""Pancake int8 (M=8, efConstruction=100, efSearch=400)"", ""run_count"": 3, ""storage"": ""int8""}"
sift-128-euclidean,10,euclidean,False,pancake-int8,"Pancake int8 (M=8, efConstruction=100, efSearch=80)",0.93025,0.9823600000000001,0.99917,0.08959890156984329,3792.4633103056294,0.2646446228027344,0.3476261496543884,0.3933906555175781,0.47516846656799316,0.0,305.556902885437,10.0,322636.0,85.07293903760909,3,0.0002636808633804321,305.556902885437,322636.0,results/sift-128-euclidean/10/pancake-int8/euclidean_true_M_8_efConstruction_100_80.hdf5,"{""M"": 8, ""algo"": ""pancake-int8"", ""batch_mode"": false, ""best_search_time"": 0.0002636808633804321, ""build_time"": 305.556902885437, ""candidates"": 10.0, ""count"": 10, ""dataset"": ""sift-128-euclidean"", ""distance"": ""euclidean"", ""efConstruction"": 100, ""efSearch"": 80, ""engine_memory_bytes"": 275152624, ""expect_extra"": false, ""index_size"": 322636.0, ""name"": ""Pancake int8 (M=8, efConstruction=100, efSearch=80)"", ""run_count"": 3, ""storage"": ""int8""}"
sift-128-euclidean,10,euclidean,False,pancake-int8,"Pancake int8 (M=8, efConstruction=100, efSearch=800)",0.9886699999999999,0.99842,0.99918,0.08939024060964584,528.2614039926086,1.918792724609375,2.545654535293579,2.966672658920288,3.587496757507324,0.0,305.556902885437,10.0,322636.0,610.7506578400611,3,0.0018930022001266479,305.556902885437,322636.0,results/sift-128-euclidean/10/pancake-int8/euclidean_true_M_8_efConstruction_100_800.hdf5,"{""M"": 8, ""algo"": ""pancake-int8"", ""batch_mode"": false, ""best_search_time"": 0.0018930022001266479, ""build_time"": 305.556902885437, ""candidates"": 10.0, ""count"": 10, ""dataset"": ""sift-128-euclidean"", ""distance"": ""euclidean"", ""efConstruction"": 100, ""efSearch"": 800, ""engine_memory_bytes"": 275152624, ""expect_extra"": false, ""index_size"": 322636.0, ""name"": ""Pancake int8 (M=8, efConstruction=100, efSearch=800)"", ""run_count"": 3, ""storage"": ""int8""}"
