label,library,runtime,dtype,tunable,ef_search,recall,recall_std,qps,qps_std,p50_ms,p95_ms,p99_ms
pancake-wasm-int8,pancake,wasm,i8,true,10,0.71290,0.00000,9546.39,110.85,0.1008,0.1532,0.1891
pancake-wasm-int8,pancake,wasm,i8,true,20,0.82540,0.00000,6382.64,41.63,0.1536,0.2143,0.2533
pancake-wasm-int8,pancake,wasm,i8,true,40,0.91050,0.00000,3975.09,28.90,0.2526,0.3272,0.3770
pancake-wasm-int8,pancake,wasm,i8,true,60,0.94490,0.00000,2947.89,3.80,0.3466,0.4334,0.4933
pancake-wasm-int8,pancake,wasm,i8,true,80,0.96140,0.00000,2351.48,7.68,0.4377,0.5397,0.6023
pancake-wasm-int8,pancake,wasm,i8,true,100,0.96900,0.00000,1968.64,15.15,0.5240,0.6513,0.7299
pancake-wasm-int8,pancake,wasm,i8,true,150,0.97940,0.00000,1407.80,3.87,0.7349,0.9168,1.0207
pancake-wasm-int8,pancake,wasm,i8,true,200,0.98440,0.00000,1059.85,60.86,0.9582,1.3453,1.6789
pancake-wasm-int8,pancake,wasm,i8,true,300,0.98830,0.00000,777.74,14.16,1.3348,1.6761,1.8443
pancake-wasm-int8,pancake,wasm,i8,true,500,0.99080,0.00000,513.55,0.56,2.0186,2.5026,2.6877
pancake-wasm-int8,pancake,wasm,i8,true,800,0.99150,0.00000,347.60,0.88,2.9799,3.7260,3.9763
pancake-wasm-f32,pancake,wasm,f32,true,10,0.70980,0.00000,7731.52,18.53,0.1235,0.1878,0.2222
pancake-wasm-f32,pancake,wasm,f32,true,20,0.82670,0.00000,5117.47,13.82,0.1918,0.2684,0.3137
pancake-wasm-f32,pancake,wasm,f32,true,40,0.91620,0.00000,3190.47,4.88,0.3184,0.4066,0.4584
pancake-wasm-f32,pancake,wasm,f32,true,60,0.94850,0.00000,2347.13,1.34,0.4375,0.5412,0.5876
pancake-wasm-f32,pancake,wasm,f32,true,80,0.96650,0.00000,1869.98,1.42,0.5541,0.6759,0.7396
pancake-wasm-f32,pancake,wasm,f32,true,100,0.97470,0.00000,1569.45,2.83,0.6622,0.8031,0.8762
pancake-wasm-f32,pancake,wasm,f32,true,150,0.98630,0.00000,1123.57,0.61,0.9286,1.1319,1.2365
pancake-wasm-f32,pancake,wasm,f32,true,200,0.99080,0.00000,883.93,5.02,1.1758,1.4531,1.5917
pancake-wasm-f32,pancake,wasm,f32,true,300,0.99400,0.00000,634.75,2.06,1.6402,2.0233,2.1396
pancake-wasm-f32,pancake,wasm,f32,true,500,0.99670,0.00000,412.86,6.82,2.5035,3.1694,3.6305
pancake-wasm-f32,pancake,wasm,f32,true,800,0.99740,0.00000,284.00,1.24,3.6494,4.6248,4.8952
pancake-native-int8,pancake,native,i8,true,10,0.71050,0.00000,10109.22,593.92,0.0912,0.1519,0.2101
pancake-native-int8,pancake,native,i8,true,20,0.82680,0.00000,7044.13,43.84,0.1381,0.2011,0.2426
pancake-native-int8,pancake,native,i8,true,40,0.91210,0.00000,4460.49,4.44,0.2243,0.3030,0.3550
pancake-native-int8,pancake,native,i8,true,60,0.94640,0.00000,3277.56,38.94,0.3097,0.3974,0.4662
pancake-native-int8,pancake,native,i8,true,80,0.96330,0.00000,2280.95,93.38,0.4488,0.5755,0.6582
pancake-native-int8,pancake,native,i8,true,100,0.97140,0.00000,2141.25,76.61,0.4769,0.6221,0.6974
pancake-native-int8,pancake,native,i8,true,150,0.98150,0.00000,1588.90,2.81,0.6520,0.8098,0.8961
pancake-native-int8,pancake,native,i8,true,200,0.98580,0.00000,1229.05,20.34,0.8395,1.0598,1.1686
pancake-native-int8,pancake,native,i8,true,300,0.98890,0.00000,894.25,1.22,1.1630,1.4376,1.5810
pancake-native-int8,pancake,native,i8,true,500,0.99090,0.00000,576.53,16.30,1.7855,2.3320,2.6423
pancake-native-int8,pancake,native,i8,true,800,0.99130,0.00000,405.79,3.14,2.5397,3.2368,3.4837
pancake-native-f32,pancake,native,f32,true,10,0.70980,0.00000,11770.54,171.92,0.0802,0.1268,0.1616
pancake-native-f32,pancake,native,f32,true,20,0.82670,0.00000,7555.99,145.96,0.1283,0.1833,0.2207
pancake-native-f32,pancake,native,f32,true,40,0.91620,0.00000,4664.36,12.94,0.2132,0.2841,0.3453
pancake-native-f32,pancake,native,f32,true,60,0.94850,0.00000,3340.33,79.90,0.3008,0.3818,0.4344
pancake-native-f32,pancake,native,f32,true,80,0.96650,0.00000,2712.58,31.99,0.3742,0.4624,0.5200
pancake-native-f32,pancake,native,f32,true,100,0.97470,0.00000,2215.16,31.60,0.4598,0.5829,0.7072
pancake-native-f32,pancake,native,f32,true,150,0.98630,0.00000,1562.23,1.28,0.6622,0.8002,0.9051
pancake-native-f32,pancake,native,f32,true,200,0.99080,0.00000,1223.09,0.22,0.8472,1.0207,1.1419
pancake-native-f32,pancake,native,f32,true,300,0.99400,0.00000,866.55,0.82,1.1955,1.4473,1.5661
pancake-native-f32,pancake,native,f32,true,500,0.99670,0.00000,562.84,0.34,1.8385,2.2429,2.3837
pancake-native-f32,pancake,native,f32,true,800,0.99740,0.00000,377.02,0.36,2.7345,3.3791,3.5867
usearch-i8,usearch,,i8,true,10,0.62050,0.00000,12046.13,1106.59,0.0762,0.1236,0.2930
usearch-i8,usearch,,i8,true,20,0.73790,0.00000,8989.07,144.81,0.1073,0.1604,0.2076
usearch-i8,usearch,,i8,true,40,0.81860,0.00000,5637.21,321.70,0.1739,0.2456,0.3334
usearch-i8,usearch,,i8,true,60,0.85360,0.00000,4263.50,50.98,0.2352,0.3168,0.3862
usearch-i8,usearch,,i8,true,80,0.87270,0.00000,3480.87,26.70,0.2913,0.3797,0.4669
usearch-i8,usearch,,i8,true,100,0.88350,0.00000,2854.39,29.11,0.3568,0.4618,0.5254
usearch-i8,usearch,,i8,true,150,0.89520,0.00000,2114.05,0.42,0.4880,0.6084,0.6730
usearch-i8,usearch,,i8,true,200,0.89930,0.00000,1655.77,3.88,0.6256,0.7777,0.8654
usearch-i8,usearch,,i8,true,300,0.90380,0.00000,1167.18,1.86,0.8861,1.0997,1.2023
usearch-i8,usearch,,i8,true,500,0.90670,0.00000,729.81,18.53,1.4024,1.8119,2.2065
usearch-i8,usearch,,i8,true,800,0.90850,0.00000,503.63,0.99,2.0644,2.5120,2.6692
usearch-f32,usearch,,f32,true,10,0.62960,0.00000,5624.27,2604.93,0.1494,0.8093,1.3753
usearch-f32,usearch,,f32,true,20,0.76740,0.00000,4740.27,324.13,0.2074,0.3036,0.4478
usearch-f32,usearch,,f32,true,40,0.86990,0.00000,2558.09,60.14,0.3895,0.5559,0.6409
usearch-f32,usearch,,f32,true,60,0.91410,0.00000,2371.23,39.69,0.4299,0.5502,0.6306
usearch-f32,usearch,,f32,true,80,0.93600,0.00000,1897.36,8.79,0.5437,0.6742,0.7414
usearch-f32,usearch,,f32,true,100,0.95000,0.00000,1579.45,2.39,0.6566,0.8034,0.8720
usearch-f32,usearch,,f32,true,150,0.96860,0.00000,1113.40,5.23,0.9417,1.1416,1.2249
usearch-f32,usearch,,f32,true,200,0.97690,0.00000,865.24,2.58,1.2096,1.4647,1.5695
usearch-f32,usearch,,f32,true,300,0.98400,0.00000,615.10,2.42,1.7045,2.0628,2.2583
usearch-f32,usearch,,f32,true,500,0.98900,0.00000,406.16,2.58,2.5849,3.1275,3.3124
usearch-f32,usearch,,f32,true,800,0.99090,0.00000,274.57,0.46,3.8193,4.6356,4.9135
hnswlib-f32,hnswlib,,f32,true,10,0.63360,0.00000,12254.01,38.63,0.0790,0.1178,0.1535
hnswlib-f32,hnswlib,,f32,true,20,0.76670,0.00000,8879.90,6.62,0.1110,0.1585,0.1936
hnswlib-f32,hnswlib,,f32,true,40,0.87230,0.00000,5972.03,40.69,0.1687,0.2260,0.2655
hnswlib-f32,hnswlib,,f32,true,60,0.91710,0.00000,4533.67,20.09,0.2226,0.2969,0.3407
hnswlib-f32,hnswlib,,f32,true,80,0.93910,0.00000,3718.65,8.16,0.2748,0.3532,0.4093
hnswlib-f32,hnswlib,,f32,true,100,0.95220,0.00000,3141.86,3.80,0.3262,0.4150,0.4697
hnswlib-f32,hnswlib,,f32,true,150,0.97030,0.00000,2291.40,6.30,0.4517,0.5695,0.6156
hnswlib-f32,hnswlib,,f32,true,200,0.97750,0.00000,1796.89,1.25,0.5788,0.7234,0.7917
hnswlib-f32,hnswlib,,f32,true,300,0.98590,0.00000,1283.94,0.95,0.8119,1.0080,1.0704
hnswlib-f32,hnswlib,,f32,true,500,0.99050,0.00000,834.53,8.28,1.2497,1.5477,1.6668
hnswlib-f32,hnswlib,,f32,true,800,0.99310,0.00000,564.34,7.26,1.8363,2.3140,2.4852
