recall,pancake-wasm-int8,pancake-wasm-f32,pancake-native-int8,pancake-native-f32,usearch-i8,usearch-f32,hnswlib-f32
0.800,,,,,5838.43,,2940.70
0.850,4748.80,,,,3965.08,2688.79,2593.05
0.900,3598.86,2928.12,4588.18,3639.85,,2237.55,2227.26
0.925,2856.56,2508.84,3481.06,3093.25,,1774.41,1937.81
0.950,2009.77,1892.03,2398.67,2316.48,,1379.50,1668.41
0.965,1234.23,1584.78,1507.89,1932.78,,1094.61,1360.06
0.980,,1093.62,,1342.71,,827.70,1050.71
0.990,,721.61,,882.41,,519.73,704.35
0.995,,424.93,,526.12,,308.82,455.88
